team,player,time,date,year,id
Spain,Olga Carmona,29,2023-08-20,2023,64
Sweden,Kosovare Asllani,62,2023-08-19,2023,63
Australia,Sam Kerr,63,2023-08-16,2023,62
England,Ella Toone,36,2023-08-16,2023,62
England,Lauren Hemp,71,2023-08-16,2023,62
England,Alessia Russo,86,2023-08-16,2023,62
Spain,Salma Paralluelo,81,2023-08-15,2023,61
Spain,Olga Carmona,89,2023-08-15,2023,61
Sweden,Rebecka Blomqvist,88,2023-08-15,2023,61
England,Lauren Hemp,45+6,2023-08-12,2023,59
England,Alessia Russo,63,2023-08-12,2023,59
Colombia,Leicy Santos,44,2023-08-12,2023,59
Spain,Salma Paralluelo,111,2023-08-11,2023,58
Netherlands,Stefanie van der Gragt,90+1,2023-08-11,2023,58
Japan,Honoka Hayashi,87,2023-08-11,2023,57
Sweden,Amanda Ilestedt,32,2023-08-11,2023,57
Colombia,Catalina Usme,51,2023-08-08,2023,56
France,Kadidiatou Diani,15,2023-08-08,2023,55
France,Kenza Dali,20,2023-08-08,2023,55
France,Eugénie Le Sommer,23,2023-08-08,2023,55
France,Eugénie Le Sommer,70,2023-08-08,2023,55
Australia,Caitlin Foord,29,2023-08-07,2023,53
Australia,Hayley Raso,70,2023-08-07,2023,53
Netherlands,Jill Roord,9,2023-08-06,2023,52
Netherlands,Lineth Beerensteyn,68,2023-08-06,2023,52
Spain,Aitana Bonmatí,5,2023-08-05,2023,50
Spain,Alba Redondo,17,2023-08-05,2023,50
Spain,Aitana Bonmatí,36,2023-08-05,2023,50
Spain,Laia Codina,45,2023-08-05,2023,50
Spain,Jennifer Hermoso,70,2023-08-05,2023,50
Japan,Risa Shimizu,50,2023-08-05,2023,49
Japan,Hinata Miyazawa,81,2023-08-05,2023,49
Norway,Guro Reiten,20,2023-08-05,2023,49
Morocco,Anissa Lahmari,45+4,2023-08-03,2023,48
Korea Republic,Cho So-hyun,6,2023-08-03,2023,47
Germany,Alexandra Popp,42,2023-08-03,2023,47
South Africa,Hildah Magaia,67,2023-08-02,2023,46
South Africa,Thembi Kgatlana,90+2,2023-08-02,2023,46
Italy,Arianna Caruso,74,2023-08-02,2023,46
Sweden,Rebecka Blomqvist,66,2023-08-02,2023,45
Panama,Marta Cox,2,2023-08-02,2023,43
Panama,Lineth Cedeño,87,2023-08-02,2023,43
France,Maëlle Lakrar,21,2023-08-02,2023,43
France,Kadidiatou Diani,28,2023-08-02,2023,43
France,Léa Le Garrec,45+5,2023-08-02,2023,43
France,Vicki Bècho,90+10,2023-08-02,2023,43
Netherlands,Lieke Martens,8,2023-08-01,2023,42
Netherlands,Katja Snoeijs,11,2023-08-01,2023,42
Netherlands,Esmee Brugts,18,2023-08-01,2023,42
Netherlands,Jill Roord,23,2023-08-01,2023,42
Netherlands,Daniëlle van de Donk,45,2023-08-01,2023,42
Netherlands,Esmee Brugts,57,2023-08-01,2023,42
Netherlands,Jill Roord,83,2023-08-01,2023,42
Denmark,Sanne Troelsgaard Nielsen,90+10,2023-08-01,2023,40
England,Alessia Russo,4,2023-08-01,2023,39
England,Lauren Hemp,26,2023-08-01,2023,39
England,Lauren James,41,2023-08-01,2023,39
England,Lauren James,65,2023-08-01,2023,39
England,Chloe Kelly,77,2023-08-01,2023,39
England,Rachel Daly,84,2023-08-01,2023,39
Japan,Hinata Miyazawa,12,2023-07-31,2023,38
Japan,Riko Ueki,29,2023-07-31,2023,38
Japan,Hinata Miyazawa,40,2023-07-31,2023,38
Japan,Mina Tanaka,82,2023-07-31,2023,38
Costa Rica,Melissa Herrera,47,2023-07-31,2023,37
Zambia,Lushomo Mweemba,3,2023-07-31,2023,37
Zambia,Racheal Kundananji,90+3,2023-07-31,2023,37
Australia,Hayley Raso,9,2023-07-31,2023,35
Australia,Hayley Raso,39,2023-07-31,2023,35
Australia,Mary Fowler,58,2023-07-31,2023,35
Morocco,Ibtissam Jraïdi,6,2023-07-30,2023,34
Norway,Sophie Román Haug,6,2023-07-30,2023,32
Norway,Sophie Román Haug,17,2023-07-30,2023,32
Norway,Caroline Graham Hansen,31,2023-07-30,2023,32
Norway,Sophie Román Haug,90+5,2023-07-30,2023,32
Colombia,Linda Caicedo,52,2023-07-30,2023,31
Colombia,Manuela Vanegas,90+7,2023-07-30,2023,31
Sweden,Amanda Ilestedt,39,2023-07-29,2023,30
Sweden,Fridolina Rolfö,44,2023-07-29,2023,30
Sweden,Stina Blackstenius,45+1,2023-07-29,2023,30
Sweden,Amanda Ilestedt,50,2023-07-29,2023,30
Sweden,Rebecka Blomqvist,90+5,2023-07-29,2023,30
France,Eugénie Le Sommer,17,2023-07-29,2023,29
France,Wendie Renard,83,2023-07-29,2023,29
Brazil,Debinha,58,2023-07-29,2023,29
Jamaica,Allyson Swaby,56,2023-07-29,2023,28
Argentina,Sophia Braun,74,2023-07-28,2023,27
Argentina,Romina Núñez,79,2023-07-28,2023,27
South Africa,Linda Motlhalo,30,2023-07-28,2023,27
South Africa,Thembi Kgatlana,66,2023-07-28,2023,27
England,Lauren James,6,2023-07-28,2023,26
United States of America,Lindsey Horan,62,2023-07-27,2023,24
Netherlands,Jill Roord,17,2023-07-27,2023,24
Portugal,Telma Encarnação,7,2023-07-27,2023,23
Portugal,Kika Nazareth,21,2023-07-27,2023,23
Australia,Emily van Egmond,45+1,2023-07-27,2023,22
Australia,Alanna Kennedy,90+10,2023-07-27,2023,22
Nigeria,Uchenna Kanu,45+6,2023-07-27,2023,22
Nigeria,Osinachi Ohale,65,2023-07-27,2023,22
Nigeria,Asisat Oshoala,72,2023-07-27,2023,22
Japan,Hikaru Naomoto,25,2023-07-26,2023,21
Japan,Aoba Fujino,27,2023-07-26,2023,21
Spain,Teresa Abelleira,9,2023-07-26,2023,20
Spain,Jennifer Hermoso,13,2023-07-26,2023,20
Spain,Alba Redondo,69,2023-07-26,2023,20
Spain,Jennifer Hermoso,70,2023-07-26,2023,20
Spain,Alba Redondo,85,2023-07-26,2023,20
Canada,Adriana Leon,53,2023-07-26,2023,19
Republic of Ireland,Katie McCabe,4,2023-07-26,2023,19
Colombia,Linda Caicedo,39,2023-07-25,2023,18
Philippines,Sarina Bolden,24,2023-07-25,2023,17
Italy,Cristiana Girelli,87,2023-07-24,2023,15
Germany,Alexandra Popp,11,2023-07-24,2023,14
Germany,Alexandra Popp,39,2023-07-24,2023,14
Germany,Klara Bühl,46,2023-07-24,2023,14
Germany,Lea Schüller,90,2023-07-24,2023,14
Brazil,Ary Borges,19,2023-07-24,2023,13
Brazil,Ary Borges,39,2023-07-24,2023,13
Brazil,Beatriz,48,2023-07-24,2023,13
Brazil,Ary Borges,70,2023-07-24,2023,13
Sweden,Fridolina Rolfö,65,2023-07-23,2023,12
Sweden,Amanda Ilestedt,90,2023-07-23,2023,12
South Africa,Hildah Magaia,48,2023-07-23,2023,12
Netherlands,Stefanie van der Gragt,13,2023-07-23,2023,11
United States of America,Sophia Smith,14,2023-07-22,2023,9
United States of America,Sophia Smith,45+7,2023-07-22,2023,9
United States of America,Lindsey Horan,77,2023-07-22,2023,9
Japan,Hinata Miyazawa,43,2023-07-22,2023,8
Japan,Mina Tanaka,55,2023-07-22,2023,8
Japan,Hinata Miyazawa,62,2023-07-22,2023,8
Japan,Jun Endō,71,2023-07-22,2023,8
Denmark,Amalie Vangsgaard,89,2023-07-22,2023,6
Switzerland,Seraina Piubel,64,2023-07-21,2023,4
Spain,Aitana Bonmatí,23,2023-07-21,2023,3
Spain,Esther González,27,2023-07-21,2023,3
New Zealand,Hannah Wilkinson,48,2023-07-20,2023,2
United States of America,Rose Lavelle,69,2019-07-07,2019,52
England,Fran Kirby,31,2019-07-06,2019,51
Sweden,Kosovare Asllani,11,2019-07-06,2019,51
Sweden,Sofia Jakobsson,22,2019-07-06,2019,51
Netherlands,Jackie Groenen,99,2019-07-03,2019,50
England,Ellen White,19,2019-07-02,2019,49
United States of America,Christen Press,10,2019-07-02,2019,49
United States of America,Alex Morgan,31,2019-07-02,2019,49
Netherlands,Vivianne Miedema,70,2019-06-29,2019,48
Netherlands,Stefanie van der Gragt,80,2019-06-29,2019,48
Germany,Lina Magull,16,2019-06-29,2019,47
Sweden,Sofia Jakobsson,22,2019-06-29,2019,47
Sweden,Stina Blackstenius,48,2019-06-29,2019,47
France,Wendie Renard,81,2019-06-28,2019,46
United States of America,Megan Rapinoe,5,2019-06-28,2019,46
United States of America,Megan Rapinoe,65,2019-06-28,2019,46
England,Jill Scott,3,2019-06-27,2019,45
England,Ellen White,40,2019-06-27,2019,45
England,Lucy Bronze,57,2019-06-27,2019,45
Italy,Valentina Giacinti,15,2019-06-25,2019,44
Italy,Aurora Galli,49,2019-06-25,2019,44
Netherlands,Lieke Martens,17,2019-06-25,2019,43
Japan,Yui Hasegawa,43,2019-06-25,2019,43
Spain,Jennifer Hermoso,9,2019-06-24,2019,42
Sweden,Stina Blackstenius,55,2019-06-24,2019,41
England,Steph Houghton,14,2019-06-23,2019,40
England,Ellen White,45+4,2019-06-23,2019,40
England,Alex Greenwood,58,2019-06-23,2019,40
France,Valérie Gauvin,52,2019-06-23,2019,39
France,Amandine Henry,106,2019-06-23,2019,39
Brazil,Thaisa,63,2019-06-23,2019,39
Germany,Alexandra Popp,20,2019-06-22,2019,38
Germany,Lea Schüller,82,2019-06-22,2019,38
Norway,Isabell Herlovsen,31,2019-06-22,2019,37
Australia,Elise Kellond-Knight,83,2019-06-22,2019,37
Netherlands,Anouk Dekker,54,2019-06-20,2019,36
Netherlands,Lineth Beerensteyn,75,2019-06-20,2019,36
Canada,Christine Sinclair,60,2019-06-20,2019,36
Cameroon,Ajara Nchout,57,2019-06-20,2019,35
Cameroon,Ajara Nchout,90+5,2019-06-20,2019,35
United States of America,Lindsey Horan,3,2019-06-20,2019,34
Chile,María José Urrutia,80,2019-06-20,2019,33
England,Ellen White,14,2019-06-19,2019,32
England,Ellen White,84,2019-06-19,2019,32
Scotland,Kim Little,19,2019-06-19,2019,31
Scotland,Jennifer Beattie,49,2019-06-19,2019,31
Scotland,Erin Cuthbert,69,2019-06-19,2019,31
Argentina,Milagros Menéndez,74,2019-06-19,2019,31
Jamaica,Havana Solaun,49,2019-06-18,2019,29
Australia,Sam Kerr,11,2019-06-18,2019,29
Australia,Sam Kerr,42,2019-06-18,2019,29
Australia,Sam Kerr,69,2019-06-18,2019,29
Australia,Sam Kerr,83,2019-06-18,2019,29
Germany,Melanie Leupolz,14,2019-06-17,2019,28
Germany,Sara Däbritz,29,2019-06-17,2019,28
Germany,Alexandra Popp,40,2019-06-17,2019,28
Germany,Lina Magull,58,2019-06-17,2019,28
Korea Republic,Yeo Min-ji,78,2019-06-17,2019,26
Sweden,Linda Sembrant,6,2019-06-16,2019,24
Sweden,Kosovare Asllani,19,2019-06-16,2019,24
Sweden,Fridolina Rolfö,42,2019-06-16,2019,24
Sweden,Lina Hurtig,81,2019-06-16,2019,24
Thailand,Kanjana Sungngoen,90+1,2019-06-16,2019,24
United States of America,Carli Lloyd,11,2019-06-16,2019,23
United States of America,Julie Ertz,26,2019-06-16,2019,23
United States of America,Carli Lloyd,35,2019-06-16,2019,23
Netherlands,Vivianne Miedema,41,2019-06-15,2019,22
Netherlands,Dominique Janssen,48,2019-06-15,2019,22
Netherlands,Vivianne Miedema,85,2019-06-15,2019,22
Cameroon,Gabrielle Onguene,43,2019-06-15,2019,22
Canada,Jessie Fleming,48,2019-06-15,2019,21
Canada,Nichelle Prince,79,2019-06-15,2019,21
Japan,Mana Iwabuchi,23,2019-06-14,2019,20
Scotland,Lana Clelland,88,2019-06-14,2019,20
Italy,Cristiana Girelli,25,2019-06-14,2019,19
Italy,Cristiana Girelli,46,2019-06-14,2019,19
Italy,Aurora Galli,71,2019-06-14,2019,19
Italy,Aurora Galli,81,2019-06-14,2019,19
England,Jodie Taylor,61,2019-06-14,2019,18
Australia,Caitlin Foord,45+1,2019-06-13,2019,17
Australia,Chloe Logarzo,58,2019-06-13,2019,17
Brazil,Cristiane,38,2019-06-13,2019,17
China PR,Li Ying,40,2019-06-13,2019,16
Nigeria,Asisat Oshoala,75,2019-06-12,2019,15
Germany,Sara Däbritz,42,2019-06-12,2019,14
France,Valérie Gauvin,46,2019-06-12,2019,13
Netherlands,Jill Roord,90+2,2019-06-11,2019,12
Sweden,Kosovare Asllani,83,2019-06-11,2019,11
Sweden,Madelen Janogy,90+4,2019-06-11,2019,11
United States of America,Alex Morgan,12,2019-06-11,2019,10
United States of America,Rose Lavelle,20,2019-06-11,2019,10
United States of America,Lindsey Horan,32,2019-06-11,2019,10
United States of America,Sam Mewis,50,2019-06-11,2019,10
United States of America,Alex Morgan,53,2019-06-11,2019,10
United States of America,Sam Mewis,54,2019-06-11,2019,10
United States of America,Rose Lavelle,56,2019-06-11,2019,10
United States of America,Alex Morgan,74,2019-06-11,2019,10
United States of America,Megan Rapinoe,79,2019-06-11,2019,10
United States of America,Alex Morgan,81,2019-06-11,2019,10
United States of America,Mallory Swanson,84,2019-06-11,2019,10
United States of America,Alex Morgan,87,2019-06-11,2019,10
United States of America,Carli Lloyd,90+2,2019-06-11,2019,10
Canada,Kadeisha Buchanan,45,2019-06-10,2019,8
Australia,Sam Kerr,22,2019-06-09,2019,7
Italy,Barbara Bonansea,56,2019-06-09,2019,7
Italy,Barbara Bonansea,90+5,2019-06-09,2019,7
Brazil,Cristiane,15,2019-06-09,2019,6
Brazil,Cristiane,50,2019-06-09,2019,6
Brazil,Cristiane,64,2019-06-09,2019,6
England,Ellen White,40,2019-06-09,2019,5
Scotland,Claire Emslie,79,2019-06-09,2019,5
Germany,Giulia Gwinn,66,2019-06-08,2019,4
Spain,Lucía García,89,2019-06-08,2019,3
South Africa,Thembi Kgatlana,25,2019-06-08,2019,3
Norway,Guro Reiten,17,2019-06-08,2019,2
Norway,Lisa-Marie Karlseng Utland,34,2019-06-08,2019,2
France,Eugénie Le Sommer,9,2019-06-07,2019,1
France,Wendie Renard,35,2019-06-07,2019,1
France,Wendie Renard,45+2,2019-06-07,2019,1
France,Amandine Henry,85,2019-06-07,2019,1
United States of America,Carli Lloyd,3,2015-07-05,2015,52
United States of America,Carli Lloyd,5,2015-07-05,2015,52
United States of America,Lauren Holiday,14,2015-07-05,2015,52
United States of America,Carli Lloyd,16,2015-07-05,2015,52
United States of America,Tobin Heath,54,2015-07-05,2015,52
Japan,Yūki Nagasato,27,2015-07-05,2015,52
United States of America,Kelley O'Hara,84,2015-06-30,2015,49
Japan,Mana Iwabuchi,87,2015-06-27,2015,48
England,Jodie Taylor,11,2015-06-27,2015,47
England,Lucy Bronze,14,2015-06-27,2015,47
Canada,Christine Sinclair,42,2015-06-27,2015,47
France,Louisa Cadamuro,64,2015-06-26,2015,46
United States of America,Carli Lloyd,51,2015-06-26,2015,45
Japan,Saori Ariyoshi,10,2015-06-23,2015,44
Japan,Mizuho Sakaguchi,78,2015-06-23,2015,44
Netherlands,Kirsten van de Ven,90+2,2015-06-23,2015,44
Norway,Solveig Gulbrandsen,54,2015-06-22,2015,43
England,Steph Houghton,61,2015-06-22,2015,43
England,Lucy Bronze,76,2015-06-22,2015,43
United States of America,Alex Morgan,53,2015-06-22,2015,42
Australia,Kyah Simon,80,2015-06-21,2015,41
Canada,Josée Bélanger,52,2015-06-21,2015,40
France,Marie-Laure Delie,4,2015-06-21,2015,39
France,Élodie Thomis,8,2015-06-21,2015,39
France,Marie-Laure Delie,48,2015-06-21,2015,39
Germany,Anja Mittag,24,2015-06-20,2015,38
Germany,Célia Šašić,78,2015-06-20,2015,38
Germany,Dzsenifer Marozsán,88,2015-06-20,2015,38
Sweden,Linda Sembrant,82,2015-06-20,2015,38
China PR,Wang Shanshan,12,2015-06-20,2015,37
Brazil,Raquel,83,2015-06-18,2015,36
England,Karen Carney,15,2015-06-17,2015,35
Colombia,Lady Andrade,90+4,2015-06-17,2015,35
France,Marie-Laure Delie,1,2015-06-17,2015,34
France,Eugénie Le Sommer,13,2015-06-17,2015,34
France,Eugénie Le Sommer,36,2015-06-17,2015,34
France,Amandine Henry,80,2015-06-17,2015,34
Korea Republic,Cho So-hyun,53,2015-06-17,2015,33
Korea Republic,Kim Soo-yun,78,2015-06-17,2015,33
Spain,Verónica Boquete,29,2015-06-17,2015,33
Switzerland,Ana-Maria Crnogorčević,24,2015-06-16,2015,32
Cameroon,Gabrielle Onguene,47,2015-06-16,2015,32
Cameroon,Madeleine Ngono Mani,62,2015-06-16,2015,32
Japan,Yūki Nagasato,5,2015-06-16,2015,31
United States of America,Abby Wambach,45,2015-06-16,2015,30
Australia,Lisa De Vanna,5,2015-06-16,2015,29
Sweden,Sofia Jakobsson,15,2015-06-16,2015,29
Germany,Melanie Leupolz,24,2015-06-15,2015,28
Germany,Lena Petermann,56,2015-06-15,2015,28
Germany,Lena Petermann,58,2015-06-15,2015,28
Germany,Sara Däbritz,73,2015-06-15,2015,28
Côte d'Ivoire,Ange N'Guessan,71,2015-06-15,2015,27
Norway,Ada Hegerberg,6,2015-06-15,2015,27
Norway,Ada Hegerberg,62,2015-06-15,2015,27
Norway,Solveig Gulbrandsen,67,2015-06-15,2015,27
China PR,Wang Shanshan,60,2015-06-15,2015,26
New Zealand,Rebekah Stott,28,2015-06-15,2015,26
New Zealand,Hannah Wilkinson,64,2015-06-15,2015,26
Netherlands,Kirsten van de Ven,87,2015-06-15,2015,25
Canada,Ashley Lawrence,10,2015-06-15,2015,25
Colombia,Lady Andrade,19,2015-06-13,2015,24
Colombia,Catalina Usme,90+3,2015-06-13,2015,24
Brazil,Andressa,44,2015-06-13,2015,23
England,Fran Kirby,71,2015-06-13,2015,22
England,Karen Carney,82,2015-06-13,2015,22
Mexico,Fabiola Ibarra,90+1,2015-06-13,2015,22
Korea Republic,Jeon Ga-eul,25,2015-06-13,2015,21
Costa Rica,Melissa Herrera,17,2015-06-13,2015,21
Costa Rica,Karla Villalobos,89,2015-06-13,2015,21
Australia,Kyah Simon,29,2015-06-12,2015,20
Australia,Kyah Simon,68,2015-06-12,2015,20
Switzerland,Eseosa Aigbogun,45+2,2015-06-12,2015,19
Switzerland,Fabienne Humm,47,2015-06-12,2015,19
Switzerland,Fabienne Humm,49,2015-06-12,2015,19
Switzerland,Fabienne Humm,52,2015-06-12,2015,19
Switzerland,Ramona Bachmann,61,2015-06-12,2015,19
Switzerland,Martina Moser,76,2015-06-12,2015,19
Switzerland,Ramona Bachmann,81,2015-06-12,2015,19
Japan,Aya Sameshima,6,2015-06-12,2015,18
Japan,Yuika Sugasawa,17,2015-06-12,2015,18
Cameroon,Ajara Nchout,90,2015-06-12,2015,18
China PR,Wang Lisi,90+1,2015-06-11,2015,16
Germany,Anja Mittag,6,2015-06-11,2015,15
Norway,Maren Mjelde,61,2015-06-11,2015,15
Côte d'Ivoire,Ange N'Guessan,4,2015-06-11,2015,14
Côte d'Ivoire,Josée Nahi,88,2015-06-11,2015,14
Thailand,Orathai Srimanee,26,2015-06-11,2015,14
Thailand,Orathai Srimanee,45+3,2015-06-11,2015,14
Thailand,Thanatta Chawong,75,2015-06-11,2015,14
France,Eugénie Le Sommer,29,2015-06-09,2015,12
Spain,Vicky Losada,13,2015-06-09,2015,11
Costa Rica,Raquel Rodríguez,14,2015-06-09,2015,11
Colombia,Daniela Montoya,82,2015-06-09,2015,10
Mexico,Verónica Pérez,36,2015-06-09,2015,10
Brazil,Formiga,33,2015-06-09,2015,9
Sweden,Nilla Fischer,31,2015-06-08,2015,8
Sweden,Linda Sembrant,60,2015-06-08,2015,8
Nigeria,Ngozi Okobi,50,2015-06-08,2015,8
Nigeria,Asisat Oshoala,53,2015-06-08,2015,8
Nigeria,Francisca Ordega,87,2015-06-08,2015,8
Cameroon,Madeleine Ngono Mani,34,2015-06-08,2015,7
Cameroon,Gaëlle Enganamouit,36,2015-06-08,2015,7
Cameroon,Gaëlle Enganamouit,73,2015-06-08,2015,7
United States of America,Megan Rapinoe,12,2015-06-08,2015,6
United States of America,Christen Press,61,2015-06-08,2015,6
United States of America,Megan Rapinoe,78,2015-06-08,2015,6
Australia,Lisa De Vanna,27,2015-06-08,2015,6
Norway,Trine Rønning,15,2015-06-07,2015,4
Norway,Isabell Herlovsen,29,2015-06-07,2015,4
Norway,Isabell Herlovsen,34,2015-06-07,2015,4
Norway,Ada Hegerberg,68,2015-06-07,2015,4
Germany,Célia Šašić,3,2015-06-07,2015,3
Germany,Célia Šašić,14,2015-06-07,2015,3
Germany,Anja Mittag,29,2015-06-07,2015,3
Germany,Célia Šašić,31,2015-06-07,2015,3
Germany,Anja Mittag,35,2015-06-07,2015,3
Germany,Anja Mittag,64,2015-06-07,2015,3
Germany,Simone Laudehr,71,2015-06-07,2015,3
Germany,Sara Däbritz,75,2015-06-07,2015,3
Germany,Melanie Behringer,79,2015-06-07,2015,3
Germany,Alexandra Popp,85,2015-06-07,2015,3
Netherlands,Lieke Martens,33,2015-06-06,2015,1
Japan,Aya Miyama,81,2011-07-17,2011,32
Japan,Homare Sawa,117,2011-07-17,2011,32
United States of America,Alex Morgan,69,2011-07-17,2011,32
United States of America,Abby Wambach,104,2011-07-17,2011,32
Sweden,Lotta Schelin,29,2011-07-16,2011,31
Sweden,Marie Hammarström,82,2011-07-16,2011,31
France,Élodie Thomis,56,2011-07-16,2011,31
France,Sonia Bompastor,55,2011-07-13,2011,30
United States of America,Lauren Holiday,9,2011-07-13,2011,30
United States of America,Abby Wambach,79,2011-07-13,2011,30
United States of America,Alex Morgan,82,2011-07-13,2011,30
Japan,Nahomi Kawasumi,19,2011-07-13,2011,29
Japan,Homare Sawa,60,2011-07-13,2011,29
Japan,Nahomi Kawasumi,64,2011-07-13,2011,29
Sweden,Josefine Öqvist,10,2011-07-13,2011,29
Sweden,Therese Sjögran,11,2011-07-10,2011,28
Sweden,Lisa Dahlkvist,16,2011-07-10,2011,28
Sweden,Lotta Schelin,52,2011-07-10,2011,28
Australia,Ellyse Perry,40,2011-07-10,2011,28
Brazil,Marta,92,2011-07-10,2011,27
United States of America,Abby Wambach,120+2,2011-07-10,2011,27
England,Jill Scott,59,2011-07-09,2011,26
France,Élise Bussaglia,88,2011-07-09,2011,26
Japan,Karina Maruyama,108,2011-07-09,2011,25
Australia,Kyah Simon,57,2011-07-06,2011,24
Australia,Kyah Simon,87,2011-07-06,2011,24
Norway,Elise Thorsnes,56,2011-07-06,2011,24
Brazil,Érika,49,2011-07-06,2011,23
Brazil,Cristiane,54,2011-07-06,2011,23
United States of America,Abby Wambach,67,2011-07-06,2011,21
England,Ellen White,15,2011-07-05,2011,20
England,Rachel Yankey,66,2011-07-05,2011,20
New Zealand,Rebecca Smith,90,2011-07-05,2011,19
New Zealand,Hannah Wilkinson,90+4,2011-07-05,2011,19
Mexico,Stephany Mayor,2,2011-07-05,2011,19
Mexico,Maribel Domínguez,29,2011-07-05,2011,19
France,Marie-Laure Delie,56,2011-07-05,2011,18
France,Laura Georges,72,2011-07-05,2011,18
Germany,Kerstin Garefrekes,25,2011-07-05,2011,18
Germany,Inka Grings,32,2011-07-05,2011,18
Germany,Célia Šašić,89,2011-07-05,2011,18
Nigeria,Perpetua Nkwocha,73,2011-07-05,2011,17
Australia,Leena Khamis,8,2011-07-03,2011,16
Australia,Emily van Egmond,48,2011-07-03,2011,16
Australia,Lisa De Vanna,51,2011-07-03,2011,16
Equatorial Guinea,Genoveva Añonma,21,2011-07-03,2011,16
Equatorial Guinea,Genoveva Añonma,83,2011-07-03,2011,16
Brazil,Marta,22,2011-07-03,2011,15
Brazil,Rosana,46,2011-07-03,2011,15
Brazil,Marta,48,2011-07-03,2011,15
Sweden,Lisa Dahlkvist,64,2011-07-02,2011,14
United States of America,Heather O'Reilly,12,2011-07-02,2011,13
United States of America,Megan Rapinoe,50,2011-07-02,2011,13
United States of America,Carli Lloyd,57,2011-07-02,2011,13
Japan,Homare Sawa,13,2011-07-01,2011,12
Japan,Shinobu Ohno,15,2011-07-01,2011,12
Japan,Homare Sawa,39,2011-07-01,2011,12
Japan,Homare Sawa,80,2011-07-01,2011,12
New Zealand,Sarah Gregorius,18,2011-07-01,2011,11
England,Jill Scott,63,2011-07-01,2011,11
England,Jessica Clarke,81,2011-07-01,2011,11
France,Gaëtane Thiney,24,2011-06-30,2011,10
France,Gaëtane Thiney,60,2011-06-30,2011,10
France,Camille Abily,66,2011-06-30,2011,10
France,Élodie Thomis,83,2011-06-30,2011,10
Germany,Simone Laudehr,54,2011-06-30,2011,9
Norway,Emilie Haavi,84,2011-06-29,2011,8
Brazil,Rosana,54,2011-06-29,2011,7
Sweden,Jessica Landström,57,2011-06-28,2011,6
United States of America,Lauren Holiday,54,2011-06-28,2011,5
United States of America,Rachel Van Hollebeke,76,2011-06-28,2011,5
Japan,Yūki Nagasato,6,2011-06-27,2011,4
Japan,Aya Miyama,68,2011-06-27,2011,4
New Zealand,Amber Hearn,12,2011-06-27,2011,4
Mexico,Mónica Ocampo,33,2011-06-27,2011,3
England,Fara Williams,21,2011-06-27,2011,3
France,Marie-Laure Delie,56,2011-06-26,2011,2
Germany,Kerstin Garefrekes,10,2011-06-26,2011,1
Germany,Célia Šašić,42,2011-06-26,2011,1
Canada,Christine Sinclair,82,2011-06-26,2011,1
Norway,Ragnhild Gulbrandsen,63,2007-09-30,2007,32
United States of America,Abby Wambach,30,2007-09-30,2007,32
United States of America,Abby Wambach,46,2007-09-30,2007,32
United States of America,Lori Chalupny,58,2007-09-30,2007,32
United States of America,Heather O'Reilly,59,2007-09-30,2007,32
Germany,Birgit Prinz,52,2007-09-30,2007,31
Germany,Simone Laudehr,86,2007-09-30,2007,31
Brazil,Marta,27,2007-09-27,2007,30
Brazil,Cristiane,56,2007-09-27,2007,30
Brazil,Marta,79,2007-09-27,2007,30
Germany,Kerstin Stegemann,72,2007-09-26,2007,29
Germany,Martina Müller,75,2007-09-26,2007,29
Norway,Isabell Herlovsen,32,2007-09-23,2007,28
Brazil,Formiga,4,2007-09-23,2007,27
Brazil,Cristiane,75,2007-09-23,2007,27
Australia,Lisa De Vanna,36,2007-09-23,2007,27
Australia,Lauren Colthorpe,68,2007-09-23,2007,27
Germany,Kerstin Garefrekes,44,2007-09-22,2007,26
Germany,Renate Lingor,67,2007-09-22,2007,26
Germany,Annike Krahn,72,2007-09-22,2007,26
United States of America,Abby Wambach,48,2007-09-22,2007,25
United States of America,Shannon Boxx,57,2007-09-22,2007,25
United States of America,Kristine Lilly,60,2007-09-22,2007,25
Norway,Lene Storløkken,4,2007-09-20,2007,24
Norway,Ragnhild Gulbrandsen,39,2007-09-20,2007,24
Norway,Isabell Herlovsen,56,2007-09-20,2007,24
Norway,Ragnhild Gulbrandsen,59,2007-09-20,2007,24
Norway,Ragnhild Gulbrandsen,62,2007-09-20,2007,24
Norway,Lise Klaveness,69,2007-09-20,2007,24
Ghana,Adjoa Bayor,73,2007-09-20,2007,24
Australia,Collette McCallum,53,2007-09-20,2007,23
Australia,Cheryl Salisbury,90+2,2007-09-20,2007,23
Canada,Melissa Tancredi,1,2007-09-20,2007,23
Canada,Christine Sinclair,85,2007-09-20,2007,23
Brazil,Pretinha,90+1,2007-09-20,2007,22
China PR,Li Jie,57,2007-09-20,2007,21
China PR,Xie Caixia,79,2007-09-20,2007,21
Korea DPR,Ri Un-suk,22,2007-09-18,2007,20
Sweden,Lotta Schelin,4,2007-09-18,2007,20
Sweden,Lotta Schelin,54,2007-09-18,2007,20
United States of America,Lori Chalupny,1,2007-09-18,2007,19
Germany,Birgit Prinz,21,2007-09-17,2007,18
Argentina,Eva Nadia González,60,2007-09-17,2007,17
England,Jill Scott,10,2007-09-17,2007,17
England,Kelly Smith,64,2007-09-17,2007,17
England,Kelly Smith,77,2007-09-17,2007,17
Canada,Christine Sinclair,16,2007-09-15,2007,16
Canada,Sophie Schmidt,55,2007-09-15,2007,16
Canada,Christine Sinclair,62,2007-09-15,2007,16
Canada,Martina Franko,77,2007-09-15,2007,16
Denmark,Katrine Pedersen,61,2007-09-15,2007,15
Denmark,Cathrine Paaske-Sørensen,66,2007-09-15,2007,15
Brazil,Marta,42,2007-09-15,2007,14
Brazil,Cristiane,47,2007-09-15,2007,14
Brazil,Cristiane,48,2007-09-15,2007,14
Brazil,Marta,70,2007-09-15,2007,14
Norway,Ragnhild Gulbrandsen,5,2007-09-15,2007,13
Australia,Lisa De Vanna,83,2007-09-15,2007,13
United States of America,Abby Wambach,58,2007-09-14,2007,12
Japan,Yūki Nagasato,90+1,2007-09-14,2007,11
Korea DPR,Kim Kyong-hwa,17,2007-09-14,2007,9
Korea DPR,Ri Kum-suk,21,2007-09-14,2007,9
Brazil,Daniela Alves Lima,10,2007-09-12,2007,8
Brazil,Cristiane,54,2007-09-12,2007,8
Brazil,Marta,74,2007-09-12,2007,8
Brazil,Kóki,86,2007-09-12,2007,8
Brazil,Marta,90+3,2007-09-12,2007,8
Australia,Sarah Walsh,15,2007-09-12,2007,7
Australia,Lisa De Vanna,57,2007-09-12,2007,7
Australia,Heather Garriock,69,2007-09-12,2007,7
Australia,Lisa De Vanna,81,2007-09-12,2007,7
Ghana,Anita Amankwa,70,2007-09-12,2007,7
Norway,Ragnhild Gulbrandsen,52,2007-09-12,2007,6
Norway,Ane Stangeland Horpestad,81,2007-09-12,2007,6
Canada,Candace Chapman,33,2007-09-12,2007,6
China PR,Li Jie,31,2007-09-12,2007,5
China PR,Bi Yan,50,2007-09-12,2007,5
China PR,Song Xiaoli,88,2007-09-12,2007,5
Denmark,Anne Dot Eggers Nielsen,51,2007-09-12,2007,5
Denmark,Cathrine Paaske-Sørensen,87,2007-09-12,2007,5
United States of America,Abby Wambach,50,2007-09-11,2007,4
United States of America,Heather O'Reilly,69,2007-09-11,2007,4
Korea DPR,Kil Son-hui,58,2007-09-11,2007,4
Korea DPR,Kim Yong-ae,62,2007-09-11,2007,4
England,Kelly Smith,81,2007-09-11,2007,3
England,Kelly Smith,83,2007-09-11,2007,3
Japan,Aya Miyama,55,2007-09-11,2007,3
Japan,Aya Miyama,90+5,2007-09-11,2007,3
Sweden,Victoria Sandell Svensson,50,2007-09-11,2007,2
Nigeria,Cynthia Uwak,82,2007-09-11,2007,2
Germany,Melanie Behringer,12,2007-09-10,2007,1
Germany,Kerstin Garefrekes,17,2007-09-10,2007,1
Germany,Melanie Behringer,24,2007-09-10,2007,1
Germany,Birgit Prinz,29,2007-09-10,2007,1
Germany,Birgit Prinz,45+1,2007-09-10,2007,1
Germany,Renate Lingor,51,2007-09-10,2007,1
Germany,Sandra Smisek,57,2007-09-10,2007,1
Germany,Birgit Prinz,59,2007-09-10,2007,1
Germany,Sandra Smisek,70,2007-09-10,2007,1
Germany,Sandra Smisek,79,2007-09-10,2007,1
Germany,Renate Lingor,90+1,2007-09-10,2007,1
Germany,Maren Meinert,46,2003-10-12,2003,32
Germany,Nia Künzer,98,2003-10-12,2003,32
Sweden,Hanna Ljungberg,41,2003-10-12,2003,32
United States of America,Kristine Lilly,22,2003-10-11,2003,31
United States of America,Shannon Boxx,51,2003-10-11,2003,31
United States of America,Tiffeny Milbrett,80,2003-10-11,2003,31
Canada,Christine Sinclair,38,2003-10-11,2003,31
Germany,Kerstin Garefrekes,15,2003-10-05,2003,30
Germany,Maren Meinert,90+1,2003-10-05,2003,30
Germany,Birgit Prinz,90+3,2003-10-05,2003,30
Canada,Kara Lang,64,2003-10-05,2003,29
Sweden,Malin Moström,79,2003-10-05,2003,29
Sweden,Josefine Öqvist,86,2003-10-05,2003,29
Germany,Martina Müller,25,2003-10-02,2003,28
Germany,Sandra Minnert,57,2003-10-02,2003,28
Germany,Pia Wunderlich,60,2003-10-02,2003,28
Germany,Kerstin Garefrekes,62,2003-10-02,2003,28
Germany,Birgit Prinz,80,2003-10-02,2003,28
Germany,Kerstin Garefrekes,85,2003-10-02,2003,28
Germany,Birgit Prinz,89,2003-10-02,2003,28
Russia,Elena Danilova,70,2003-10-02,2003,28
Canada,Charmaine Hooper,7,2003-10-02,2003,27
Sweden,Victoria Sandell Svensson,23,2003-10-01,2003,26
Sweden,Malin Andersson,53,2003-10-01,2003,26
United States of America,Abby Wambach,24,2003-10-01,2003,25
Sweden,Hanna Ljungberg,56,2003-09-28,2003,24
Sweden,Hanna Ljungberg,79,2003-09-28,2003,24
Sweden,Malin Moström,81,2003-09-28,2003,24
United States of America,Cat Whitehill,48,2003-09-28,2003,23
United States of America,Cat Whitehill,66,2003-09-28,2003,23
Ghana,Alberta Sackey,34,2003-09-28,2003,22
Ghana,Alberta Sackey,39,2003-09-28,2003,22
Australia,Heather Garriock,61,2003-09-28,2003,22
China PR,Bai Jie,16,2003-09-28,2003,21
France,Marinette Pichon,90+2,2003-09-27,2003,20
Brazil,Kátia,58,2003-09-27,2003,20
Korea Republic,Kim Jin-hee,75,2003-09-27,2003,19
Norway,Solveig Gulbrandsen,5,2003-09-27,2003,19
Norway,Dagny Mellgren,24,2003-09-27,2003,19
Norway,Dagny Mellgren,31,2003-09-27,2003,19
Norway,Marianne Pettersen,40,2003-09-27,2003,19
Norway,Brit Sandaune,52,2003-09-27,2003,19
Norway,Linda Ørmen,80,2003-09-27,2003,19
Norway,Linda Ørmen,90,2003-09-27,2003,19
Canada,Christine Latham,36,2003-09-27,2003,18
Canada,Christine Sinclair,49,2003-09-27,2003,18
Canada,Kara Lang,72,2003-09-27,2003,18
Japan,Homare Sawa,20,2003-09-27,2003,18
Argentina,Yanina Gaitán,71,2003-09-27,2003,17
Germany,Maren Meinert,3,2003-09-27,2003,17
Germany,Birgit Prinz,32,2003-09-27,2003,17
Germany,Maren Meinert,43,2003-09-27,2003,17
Germany,Conny Pohlers,89,2003-09-27,2003,17
Germany,Martina Müller,90+2,2003-09-27,2003,17
Russia,Marina Saenko,36,2003-09-25,2003,16
Russia,Natalia Barbashina,54,2003-09-25,2003,16
Russia,Olga Letyushova,80,2003-09-25,2003,16
Sweden,Victoria Sandell Svensson,7,2003-09-25,2003,15
United States of America,Mia Hamm,12,2003-09-25,2003,14
United States of America,Cindy Parlow Cone,47,2003-09-25,2003,14
United States of America,Abby Wambach,65,2003-09-25,2003,14
China PR,Bai Jie,46,2003-09-25,2003,13
Australia,Heather Garriock,28,2003-09-25,2003,13
Norway,Marianne Pettersen,45,2003-09-24,2003,12
Brazil,Daniela Alves Lima,26,2003-09-24,2003,12
Brazil,Rosana,37,2003-09-24,2003,12
Brazil,Marta,59,2003-09-24,2003,12
Brazil,Kátia,68,2003-09-24,2003,12
Germany,Sandra Minnert,23,2003-09-24,2003,11
Germany,Birgit Prinz,36,2003-09-24,2003,11
Germany,Birgit Prinz,66,2003-09-24,2003,11
France,Marinette Pichon,84,2003-09-24,2003,10
Canada,Christine Latham,79,2003-09-24,2003,9
Canada,Christine Latham,82,2003-09-24,2003,9
United States,Kristine Lilly,27,2003-09-21,2003,8
United States,Cindy Parlow Cone,36,2003-09-21,2003,8
United States,Shannon Boxx,78,2003-09-21,2003,8
Sweden,Victoria Sandell Svensson,58,2003-09-21,2003,8
Brazil,Kátia,55,2003-09-21,2003,7
Brazil,Kátia,62,2003-09-21,2003,7
Australia,Kelly Golebiowski,38,2003-09-21,2003,6
Russia,Elena Fomina,89,2003-09-21,2003,6
China PR,Sun Wen,29,2003-09-21,2003,5
Norway,Anita Rapp,47,2003-09-20,2003,4
Norway,Dagny Mellgren,66,2003-09-20,2003,4
Korea DPR,Jin Pyol-hui,13,2003-09-20,2003,3
Korea DPR,Ri Un-gyong,73,2003-09-20,2003,3
Korea DPR,Jin Pyol-hui,88,2003-09-20,2003,3
Germany,Stefanie Gottschlich,47,2003-09-20,2003,2
Germany,Birgit Prinz,75,2003-09-20,2003,2
Germany,Kerstin Garefrekes,90+2,2003-09-20,2003,2
Canada,Christine Sinclair,4,2003-09-20,2003,2
Japan,Homare Sawa,13,2003-09-20,2003,1
Japan,Homare Sawa,38,2003-09-20,2003,1
Japan,Emi Yamamoto,64,2003-09-20,2003,1
Japan,Mio Otani,72,2003-09-20,2003,1
Japan,Mio Otani,75,2003-09-20,2003,1
Japan,Mio Otani,80,2003-09-20,2003,1
United States of America,Cindy Parlow Cone,5,1999-07-04,1999,30
China PR,Sun Wen,3,1999-07-04,1999,29
China PR,Liu Ailing,14,1999-07-04,1999,29
China PR,Liu Ailing,51,1999-07-04,1999,29
China PR,Fan Yunjie,65,1999-07-04,1999,29
United States of America,Tiffeny Milbrett,16,1999-07-01,1999,28
United States of America,Brandi Chastain,49,1999-07-01,1999,28
United States of America,Joy Fawcett,66,1999-07-01,1999,28
Germany,Bettina Wiegmann,45+1,1999-07-01,1999,28
Brazil,Cidinha,4,1999-07-01,1999,27
Brazil,Cidinha,22,1999-07-01,1999,27
Brazil,Nenê,35,1999-07-01,1999,27
Brazil,Sissi,104,1999-07-01,1999,27
Nigeria,Prisca Emeafu,63,1999-07-01,1999,27
Nigeria,Nkiru Okosieme,72,1999-07-01,1999,27
Nigeria,Nkechi Egbe,85,1999-07-01,1999,27
China PR,Pu Wei,37,1999-06-30,1999,26
China PR,Jin Yan,56,1999-06-30,1999,26
Norway,Ann Kristin Aarønes,51,1999-06-30,1999,25
Norway,Marianne Pettersen,58,1999-06-30,1999,25
Sweden,Malin Moström,90+1,1999-06-30,1999,25
Germany,Birgit Prinz,8,1999-06-27,1999,24
Germany,Steffi Jones,58,1999-06-27,1999,24
Brazil,Kátia,15,1999-06-27,1999,24
Brazil,Sissi,20,1999-06-27,1999,24
Brazil,Maycon,90+4,1999-06-27,1999,24
Nigeria,Mercy Akide,25,1999-06-27,1999,23
Nigeria,Nkiru Okosieme,81,1999-06-27,1999,23
Italy,Patrizia Panico,37,1999-06-27,1999,22
Italy,Paola Zanni,51,1999-06-27,1999,22
United States of America,Shannon MacMillan,56,1999-06-27,1999,21
United States of America,Tisha Venturini,68,1999-06-27,1999,21
United States of America,Tisha Venturini,76,1999-06-27,1999,21
Canada,Charmaine Hooper,76,1999-06-26,1999,20
Russia,Irina Grigorieva,54,1999-06-26,1999,20
Russia,Elena Fomina,66,1999-06-26,1999,20
Russia,Elena Fomina,86,1999-06-26,1999,20
Russia,"Карасёва, Ольга Валентиновна",90+1,1999-06-26,1999,20
China PR,Sun Wen,39,1999-06-26,1999,19
China PR,Sun Wen,51,1999-06-26,1999,19
China PR,Liu Ying,73,1999-06-26,1999,19
Australia,Cheryl Salisbury,66,1999-06-26,1999,19
Sweden,Victoria Sandell Svensson,58,1999-06-26,1999,18
Sweden,Victoria Sandell Svensson,86,1999-06-26,1999,18
Norway,Ann Kristin Aarønes,36,1999-06-26,1999,17
Norway,Dagny Mellgren,61,1999-06-26,1999,17
Brazil,Sissi,3,1999-06-24,1999,16
Brazil,Sissi,63,1999-06-24,1999,16
Korea DPR,Jin Pyol-hui,15,1999-06-24,1999,15
Korea DPR,Jo Song-ok,39,1999-06-24,1999,15
Korea DPR,Kim Kum-sil,73,1999-06-24,1999,15
Denmark,Janni Johansen,74,1999-06-24,1999,15
United States of America,Mia Hamm,20,1999-06-24,1999,14
United States of America,Tiffeny Milbrett,23,1999-06-24,1999,14
United States of America,Kristine Lilly,32,1999-06-24,1999,14
United States of America,Michelle Akers,39,1999-06-24,1999,14
United States of America,Cindy Parlow Cone,42,1999-06-24,1999,14
United States of America,Tiffeny Milbrett,83,1999-06-24,1999,14
Nigeria,Nkiru Okosieme,2,1999-06-24,1999,14
Germany,Inka Grings,10,1999-06-24,1999,13
Germany,Sandra Smisek,45+1,1999-06-24,1999,13
Germany,Ariane Hingst,49,1999-06-24,1999,13
Germany,Inka Grings,57,1999-06-24,1999,13
Germany,Renate Lingor,89,1999-06-24,1999,13
Germany,Inka Grings,90+2,1999-06-24,1999,13
Norway,Ann Kristin Aarønes,8,1999-06-23,1999,12
Norway,Ann Kristin Aarønes,36,1999-06-23,1999,12
Norway,Unni Lehn,49,1999-06-23,1999,12
Norway,Hege Riise,54,1999-06-23,1999,12
Norway,Linda Medalen,68,1999-06-23,1999,12
Norway,Marianne Pettersen,76,1999-06-23,1999,12
Norway,Solveig Gulbrandsen,87,1999-06-23,1999,12
Canada,Charmaine Hooper,31,1999-06-23,1999,12
Russia,Larisa Savina,29,1999-06-23,1999,11
Russia,Olga Letyushova,52,1999-06-23,1999,11
Russia,Natalia Karasseva,58,1999-06-23,1999,11
Russia,Natalia Barbashina,80,1999-06-23,1999,11
Russia,Olga Letyushova,90,1999-06-23,1999,11
China PR,Sun Wen,9,1999-06-23,1999,10
China PR,Jin Yan,16,1999-06-23,1999,10
China PR,Sun Wen,21,1999-06-23,1999,10
China PR,Sun Wen,54,1999-06-23,1999,10
China PR,Zhang Ouying,82,1999-06-23,1999,10
China PR,Zhang Ouying,90+1,1999-06-23,1999,10
China PR,Zhao Lihong,90+2,1999-06-23,1999,10
Australia,Julie Murray,32,1999-06-23,1999,9
Sweden,Jane Törnqvist,8,1999-06-23,1999,9
Sweden,Hanna Ljungberg,21,1999-06-23,1999,9
Sweden,Hanna Ljungberg,69,1999-06-23,1999,9
Italy,Patrizia Panico,36,1999-06-20,1999,8
Russia,Galina Komarova,78,1999-06-20,1999,7
Norway,Brit Sandaune,28,1999-06-20,1999,7
Norway,Marianne Pettersen,68,1999-06-20,1999,7
Australia,Julie Murray,74,1999-06-20,1999,6
Ghana,Nana Gyamfuah,76,1999-06-20,1999,6
Korea DPR,Jo Song-ok,74,1999-06-20,1999,5
Nigeria,Mercy Akide,50,1999-06-20,1999,5
Nigeria,Rita Nwadike,79,1999-06-20,1999,5
United States of America,Mia Hamm,17,1999-06-19,1999,4
United States of America,Julie Foudy,73,1999-06-19,1999,4
United States of America,Kristine Lilly,89,1999-06-19,1999,4
Brazil,Pretinha,3,1999-06-19,1999,3
Brazil,Pretinha,12,1999-06-19,1999,3
Brazil,Sissi,29,1999-06-19,1999,3
Brazil,Sissi,42,1999-06-19,1999,3
Brazil,Sissi,50,1999-06-19,1999,3
Brazil,Pretinha,90+1,1999-06-19,1999,3
Mexico,Maribel Domínguez,10,1999-06-19,1999,3
Sweden,Kristin Bengtsson,2,1999-06-19,1999,2
China PR,Jin Yan,17,1999-06-19,1999,2
China PR,Liu Ailing,69,1999-06-19,1999,2
Japan,Nami Otake,64,1999-06-19,1999,1
Canada,Silvana Burtini,32,1999-06-19,1999,1
Norway,Hege Riise,37,1995-06-18,1995,26
Norway,Marianne Pettersen,40,1995-06-18,1995,26
United States of America,Tisha Venturini,24,1995-06-17,1995,25
United States of America,Mia Hamm,55,1995-06-17,1995,25
Norway,Ann Kristin Aarønes,10,1995-06-15,1995,24
Germany,Bettina Wiegmann,88,1995-06-15,1995,23
United States of America,Kristine Lilly,8,1995-06-13,1995,22
United States of America,Kristine Lilly,42,1995-06-13,1995,22
United States of America,Tiffeny Milbrett,45,1995-06-13,1995,22
United States of America,Tisha Venturini,80,1995-06-13,1995,22
Norway,Gro Espeseth,21,1995-06-13,1995,21
Norway,Linda Medalen,64,1995-06-13,1995,21
Norway,Hege Riise,85,1995-06-13,1995,21
Denmark,Gitte Krogh,86,1995-06-13,1995,21
Germany,Martina Voss-Tecklenburg,41,1995-06-13,1995,20
Germany,Maren Meinert,55,1995-06-13,1995,20
Germany,Heidi Mohr,82,1995-06-13,1995,20
Sweden,Ulrika Kalte,90+3,1995-06-13,1995,19
China PR,Sun Qingmei,29,1995-06-13,1995,19
Norway,Ann Kristin Aarønes,4,1995-06-10,1995,18
Norway,Hege Riise,12,1995-06-10,1995,18
Norway,Ann Kristin Aarønes,21,1995-06-10,1995,18
Norway,Marianne Pettersen,71,1995-06-10,1995,18
Norway,Randi Leinan,84,1995-06-10,1995,18
Norway,Marianne Pettersen,89,1995-06-10,1995,18
Norway,Ann Kristin Aarønes,90+3,1995-06-10,1995,18
Nigeria,Adaku Okoroafor,13,1995-06-10,1995,17
Nigeria,Rita Nwadike,74,1995-06-10,1995,17
England,Karen Farley,10,1995-06-10,1995,17
England,Karen Walker,27,1995-06-10,1995,17
England,Karen Farley,38,1995-06-10,1995,17
China PR,Shi Guihong,21,1995-06-10,1995,16
China PR,Sun Wen,76,1995-06-10,1995,16
China PR,Wei Haiying,90,1995-06-10,1995,16
Denmark,Christina Bonde,44,1995-06-10,1995,16
United States of America,Julie Foudy,69,1995-06-10,1995,15
United States of America,Joy Fawcett,72,1995-06-10,1995,15
United States of America,Debbie Keller,90+4,1995-06-10,1995,15
Australia,Lisa Casagrande,54,1995-06-10,1995,15
Sweden,Lena Videkull,66,1995-06-09,1995,14
Sweden,Anneli Andelén,88,1995-06-09,1995,14
Brazil,Roseli de Belo,19,1995-06-09,1995,13
Germany,Birgit Prinz,5,1995-06-09,1995,13
Germany,Maren Meinert,22,1995-06-09,1995,13
Germany,Heidi Mohr,78,1995-06-09,1995,13
Germany,Heidi Mohr,89,1995-06-09,1995,13
Germany,Anouschka Bernhard,90,1995-06-09,1995,13
United States of America,Kristine Lilly,9,1995-06-08,1995,12
United States of America,Tiffeny Milbrett,49,1995-06-08,1995,12
Norway,Tone Haugen,7,1995-06-08,1995,11
Norway,Hege Riise,37,1995-06-08,1995,11
China PR,Zhou Yang,23,1995-06-08,1995,10
China PR,Shi Guihong,54,1995-06-08,1995,10
China PR,Shi Guihong,78,1995-06-08,1995,10
China PR,Liu Ailing,90+3,1995-06-08,1995,10
Australia,Angela Iannotta,25,1995-06-08,1995,10
Australia,Sunni Hughes,89,1995-06-08,1995,10
Nigeria,Rita Nwadike,26,1995-06-08,1995,9
Nigeria,Patience Avre,60,1995-06-08,1995,9
Nigeria,Adaku Okoroafor,77,1995-06-08,1995,9
Canada,Silvana Burtini,12,1995-06-08,1995,9
Canada,Geri Donnelly,20,1995-06-08,1995,9
Canada,Silvana Burtini,55,1995-06-08,1995,9
Sweden,Pia Sundhage,80,1995-06-07,1995,8
Sweden,Malin Andersson,86,1995-06-07,1995,8
Germany,Ursula Lohn,42,1995-06-07,1995,8
Brazil,Pretinha,7,1995-06-07,1995,7
Japan,Akemi Noda,13,1995-06-07,1995,7
Japan,Akemi Noda,45,1995-06-07,1995,7
United States of America,Tisha Venturini,22,1995-06-06,1995,6
United States of America,Tiffeny Milbrett,34,1995-06-06,1995,6
United States of America,Mia Hamm,51,1995-06-06,1995,6
China PR,Wang Liping,38,1995-06-06,1995,6
China PR,Wei Haiying,74,1995-06-06,1995,6
China PR,Sun Wen,79,1995-06-06,1995,6
England,Gillian Coultard,85,1995-06-06,1995,5
Canada,Helen Stoumbos,87,1995-06-06,1995,5
Canada,Geri Donnelly,90+1,1995-06-06,1995,5
Norway,Kristin Sandberg,30,1995-06-06,1995,4
Norway,Kristin Sandberg,44,1995-06-06,1995,4
Norway,Hege Riise,49,1995-06-06,1995,4
Norway,Ann Kristin Aarønes,60,1995-06-06,1995,4
Norway,Linda Medalen,67,1995-06-06,1995,4
Norway,Kristin Sandberg,82,1995-06-06,1995,4
Norway,Ann Kristin Aarønes,90,1995-06-06,1995,4
Denmark,Gitte Krogh,12,1995-06-06,1995,3
Denmark,Anne Dot Eggers Nielsen,25,1995-06-06,1995,3
Denmark,Helle Jensen,37,1995-06-06,1995,3
Denmark,Gitte Krogh,48,1995-06-06,1995,3
Denmark,Christina Hansen,86,1995-06-06,1995,3
Brazil,Roseli de Belo,37,1995-06-05,1995,2
Germany,Silvia Neid,23,1995-06-05,1995,1
United States of America,Michelle Akers,20,1991-11-30,1991,26
United States of America,Michelle Akers,78,1991-11-30,1991,26
Norway,Linda Medalen,29,1991-11-30,1991,26
Sweden,Anneli Andelén,7,1991-11-29,1991,25
Sweden,Pia Sundhage,11,1991-11-29,1991,25
Sweden,Lena Videkull,29,1991-11-29,1991,25
Sweden,Helen Nilsson,43,1991-11-29,1991,25
Sweden,Lena Videkull,6,1991-11-27,1991,24
Norway,Linda Medalen,41,1991-11-27,1991,24
Norway,Agnete Carlsen,67,1991-11-27,1991,24
Norway,Linda Medalen,77,1991-11-27,1991,24
United States of America,Carin Jennings-Gabarra,10,1991-11-27,1991,23
United States of America,Carin Jennings-Gabarra,22,1991-11-27,1991,23
United States of America,Carin Jennings-Gabarra,33,1991-11-27,1991,23
United States of America,April Heinrichs,54,1991-11-27,1991,23
United States of America,April Heinrichs,75,1991-11-27,1991,23
Germany,Heidi Mohr,34,1991-11-27,1991,23
Germany,Bettina Wiegmann,63,1991-11-27,1991,23
Germany,Heidi Mohr,98,1991-11-24,1991,22
United States of America,Michelle Akers,8,1991-11-24,1991,21
United States of America,Michelle Akers,29,1991-11-24,1991,21
United States of America,Michelle Akers,33,1991-11-24,1991,21
United States of America,Julie Foudy,38,1991-11-24,1991,21
United States of America,Michelle Akers,48,1991-11-24,1991,21
United States of America,Joy Fawcett,79,1991-11-24,1991,21
Norway,Birthe Hegstad,22,1991-11-24,1991,20
Norway,Agnete Carlsen,67,1991-11-24,1991,20
Italy,Raffaella Salmaso,31,1991-11-24,1991,20
Italy,Rita Guarino,80,1991-11-24,1991,20
Sweden,Pia Sundhage,3,1991-11-24,1991,19
United States of America,Michelle Akers,20,1991-11-21,1991,18
United States of America,Michelle Akers,37,1991-11-21,1991,18
United States of America,Wendy Gebauer,39,1991-11-21,1991,18
Sweden,Susanne Hedberg,56,1991-11-21,1991,17
China PR,Zhou Yang,20,1991-11-21,1991,16
China PR,Liu Ailing,22,1991-11-21,1991,16
China PR,Wu Weiying,24,1991-11-21,1991,16
China PR,Liu Ailing,60,1991-11-21,1991,16
New Zealand,Kim Nye,65,1991-11-21,1991,16
Chinese Taipei,Lin Mei-chun,38,1991-11-21,1991,15
Chinese Taipei,Chou Tai-ying,55,1991-11-21,1991,15
Norway,Linda Medalen,56,1991-11-21,1991,14
Germany,Heidi Mohr,67,1991-11-21,1991,13
Germany,Britta Unsleber,79,1991-11-21,1991,13
Norway,Linda Medalen,32,1991-11-19,1991,12
Norway,Linda Medalen,38,1991-11-19,1991,12
Norway,Hege Riise,49,1991-11-19,1991,12
Italy,Carolina Morace,68,1991-11-19,1991,11
Germany,Heidi Mohr,21,1991-11-19,1991,10
Germany,Heidi Mohr,50,1991-11-19,1991,10
United States of America,April Heinrichs,23,1991-11-19,1991,9
United States of America,April Heinrichs,35,1991-11-19,1991,9
United States of America,Carin Jennings-Gabarra,38,1991-11-19,1991,9
United States of America,Michelle Akers,39,1991-11-19,1991,9
United States of America,Mia Hamm,63,1991-11-19,1991,9
Sweden,Lena Videkull,1,1991-11-19,1991,8
Sweden,Lena Videkull,11,1991-11-19,1991,8
Sweden,Anneli Andelén,15,1991-11-19,1991,8
Sweden,Malin Lundgren,25,1991-11-19,1991,8
Sweden,Helen Nilsson,27,1991-11-19,1991,8
Sweden,Pia Sundhage,34,1991-11-19,1991,8
Sweden,Anneli Andelén,60,1991-11-19,1991,8
China PR,Sun Wen,37,1991-11-19,1991,7
China PR,Wei Haiying,76,1991-11-19,1991,7
Denmark,Lisbet Kolding,24,1991-11-19,1991,7
Denmark,Hanne Nissen,55,1991-11-19,1991,7
Germany,Silvia Neid,16,1991-11-17,1991,6
Germany,Heidi Mohr,32,1991-11-17,1991,6
Germany,Heidi Mohr,34,1991-11-17,1991,6
Germany,Gudrun Gottschlich,57,1991-11-17,1991,6
Brazil,Elane Rego dos Santos,4,1991-11-17,1991,5
Italy,Feriana Ferraguzzi,15,1991-11-17,1991,4
Italy,Adele Marsiletti,29,1991-11-17,1991,4
Italy,Carolina Morace,37,1991-11-17,1991,4
Italy,Carolina Morace,52,1991-11-17,1991,4
Italy,Carolina Morace,66,1991-11-17,1991,4
Sweden,Lena Videkull,65,1991-11-17,1991,3
Sweden,Ingrid Johansson,71,1991-11-17,1991,3
United States of America,Carin Jennings-Gabarra,40,1991-11-17,1991,3
United States of America,Carin Jennings-Gabarra,49,1991-11-17,1991,3
United States of America,Mia Hamm,62,1991-11-17,1991,3
Denmark,Helle Jensen,15,1991-11-17,1991,2
Denmark,Helle Jensen,40,1991-11-17,1991,2
Denmark,Susan Mackensie,42,1991-11-17,1991,2
China PR,Ma Li,22,1991-11-16,1991,1
China PR,Liu Ailing,45,1991-11-16,1991,1
China PR,Liu Ailing,50,1991-11-16,1991,1
China PR,Sun Qingmei,75,1991-11-16,1991,1
